[
  {
    "slug": "rose-mini",
    "common_name": "Miniature Rose",
    "scientific_name": "Rosa chinensis minima",
    "min_sun_hours": 5,
    "max_sun_hours": 8,
    "indoor_ok": false,
    "watering_need": "high",
    "fertilization_freq_days": 14,
    "pot_size_min_liters": 6,
    "difficulty": "med",
    "tags": ["flower", "balcony", "fragrant"],
    "best_climates": ["temperate", "cool"]
  },
  {
    "slug": "marigold-orange",
    "common_name": "Marigold (Orange)",
    "scientific_name": "Tagetes erecta",
    "min_sun_hours": 4,
    "max_sun_hours": 10,
    "indoor_ok": false,
    "watering_need": "med",
    "fertilization_freq_days": 14,
    "pot_size_min_liters": 3,
    "difficulty": "easy",
    "tags": ["flower", "pollinator-friendly"],
    "best_climates": ["tropical", "subtropical", "temperate"]
  },
  {
    "slug": "marigold-french",
    "common_name": "French Marigold",
    "scientific_name": "Tagetes patula",
    "min_sun_hours": 4,
    "max_sun_hours": 8,
    "indoor_ok": false,
    "watering_need": "med",
    "fertilization_freq_days": 14,
    "pot_size_min_liters": 3,
    "difficulty": "easy",
    "tags": ["flower", "compact", "balcony"],
    "best_climates": ["temperate"]
  },
  {
    "slug": "petunia-mixed",
    "common_name": "Petunia (Mixed Colors)",
    "scientific_name": "Petunia × hybrida",
    "min_sun_hours": 5,
    "max_sun_hours": 10,
    "indoor_ok": false,
    "watering_need": "med",
    "fertilization_freq_days": 10,
    "pot_size_min_liters": 4,
    "difficulty": "easy",
    "tags": ["flower", "balcony", "colorful"],
    "best_climates": ["temperate"]
  },
  {
    "slug": "geranium-red",
    "common_name": "Geranium (Red)",
    "scientific_name": "Pelargonium hortorum",
    "min_sun_hours": 4,
    "max_sun_hours": 8,
    "indoor_ok": true,
    "watering_need": "med",
    "fertilization_freq_days": 14,
    "pot_size_min_liters": 5,
    "difficulty": "easy",
    "tags": ["flower", "balcony"],
    "best_climates": ["cool", "temperate"]
  },
  {
    "slug": "zinnia",
    "common_name": "Zinnia",
    "scientific_name": "Zinnia elegans",
    "min_sun_hours": 6,
    "max_sun_hours": 10,
    "indoor_ok": false,
    "watering_need": "med",
    "fertilization_freq_days": 14,
    "pot_size_min_liters": 4,
    "difficulty": "easy",
    "tags": ["flower", "pollinator-friendly"],
    "best_climates": ["tropical", "temperate"]
  },
  {
    "slug": "dahlia",
    "common_name": "Dahlia",
    "scientific_name": "Dahlia pinnata",
    "min_sun_hours": 6,
    "max_sun_hours": 10,
    "indoor_ok": false,
    "watering_need": "med",
    "fertilization_freq_days": 21,
    "pot_size_min_liters": 10,
    "difficulty": "med",
    "tags": ["flower", "bulb"],
    "best_climates": ["temperate"]
  },
  {
    "slug": "sunflower-dwarf",
    "common_name": "Dwarf Sunflower",
    "scientific_name": "Helianthus annuus dwarf",
    "min_sun_hours": 6,
    "max_sun_hours": 12,
    "indoor_ok": false,
    "watering_need": "high",
    "fertilization_freq_days": 10,
    "pot_size_min_liters": 6,
    "difficulty": "easy",
    "tags": ["flower", "compact"],
    "best_climates": ["temperate"]
  },
  {
    "slug": "cosmos",
    "common_name": "Cosmos",
    "scientific_name": "Cosmos bipinnatus",
    "min_sun_hours": 6,
    "max_sun_hours": 10,
    "indoor_ok": false,
    "watering_need": "low",
    "fertilization_freq_days": 21,
    "pot_size_min_liters": 4,
    "difficulty": "easy",
    "tags": ["flower", "pollinator-friendly"],
    "best_climates": ["tropical", "temperate"]
  },
  {
    "slug": "phlox",
    "common_name": "Phlox",
    "scientific_name": "Phlox drummondii",
    "min_sun_hours": 4,
    "max_sun_hours": 8,
    "indoor_ok": true,
    "watering_need": "med",
    "fertilization_freq_days": 14,
    "pot_size_min_liters": 4,
    "difficulty": "easy",
    "tags": ["flower"],
    "best_climates": ["cool", "temperate"]
  },
  {
    "slug": "snapdragon",
    "common_name": "Snapdragon",
    "scientific_name": "Antirrhinum majus",
    "min_sun_hours": 4,
    "max_sun_hours": 10,
    "indoor_ok": false,
    "watering_need": "med",
    "fertilization_freq_days": 14,
    "pot_size_min_liters": 4,
    "difficulty": "easy",
    "tags": ["flower"],
    "best_climates": ["cool", "temperate"]
  },
  {
    "slug": "daisy",
    "common_name": "Daisy",
    "scientific_name": "Bellis perennis",
    "min_sun_hours": 4,
    "max_sun_hours": 8,
    "indoor_ok": true,
    "watering_need": "med",
    "fertilization_freq_days": 21,
    "pot_size_min_liters": 4,
    "difficulty": "easy",
    "tags": ["flower"],
    "best_climates": ["cool", "temperate"]
  },
  {
    "slug": "begonia",
    "common_name": "Begonia",
    "scientific_name": "Begonia semperflorens",
    "min_sun_hours": 2,
    "max_sun_hours": 6,
    "indoor_ok": true,
    "watering_need": "high",
    "fertilization_freq_days": 21,
    "pot_size_min_liters": 4,
    "difficulty": "easy",
    "tags": ["flower", "shade-loving"],
    "best_climates": ["tropical", "indoor"]
  },
  {
    "slug": "hydrangea",
    "common_name": "Hydrangea",
    "scientific_name": "Hydrangea macrophylla",
    "min_sun_hours": 3,
    "max_sun_hours": 6,
    "indoor_ok": false,
    "watering_need": "high",
    "fertilization_freq_days": 30,
    "pot_size_min_liters": 15,
    "difficulty": "hard",
    "tags": ["flower", "shrub"],
    "best_climates": ["cool", "temperate"]
  },
  {
    "slug": "periwinkle",
    "common_name": "Periwinkle",
    "scientific_name": "Catharanthus roseus",
    "min_sun_hours": 4,
    "max_sun_hours": 8,
    "indoor_ok": true,
    "watering_need": "low",
    "fertilization_freq_days": 21,
    "pot_size_min_liters": 4,
    "difficulty": "easy",
    "tags": ["flower", "drought-tolerant"],
    "best_climates": ["tropical", "subtropical"]
  },
  {
    "slug": "portulaca",
    "common_name": "Portulaca",
    "scientific_name": "Portulaca grandiflora",
    "min_sun_hours": 6,
    "max_sun_hours": 12,
    "indoor_ok": false,
    "watering_need": "low",
    "fertilization_freq_days": 21,
    "pot_size_min_liters": 3,
    "difficulty": "easy",
    "tags": ["flower", "heat-loving"],
    "best_climates": ["arid", "tropical"]
  },
  {
    "slug": "impatiens",
    "common_name": "Impatiens",
    "scientific_name": "Impatiens walleriana",
    "min_sun_hours": 1,
    "max_sun_hours": 5,
    "indoor_ok": true,
    "watering_need": "high",
    "fertilization_freq_days": 21,
    "pot_size_min_liters": 4,
    "difficulty": "easy",
    "tags": ["flower", "shade-loving"],
    "best_climates": ["tropical", "indoor"]
  },
  {
    "slug": "lily",
    "common_name": "Asiatic Lily",
    "scientific_name": "Lilium asiatic",
    "min_sun_hours": 4,
    "max_sun_hours": 8,
    "indoor_ok": true,
    "watering_need": "med",
    "fertilization_freq_days": 30,
    "pot_size_min_liters": 10,
    "difficulty": "med",
    "tags": ["flower", "bulb"],
    "best_climates": ["cool", "temperate"]
  }
]
