[
  {
    "slug": "strawberry",
    "common_name": "Strawberry",
    "scientific_name": "Fragaria × ananassa",
    "min_sun_hours": 6,
    "max_sun_hours": 10,
    "indoor_ok": true,
    "watering_need": "high",
    "fertilization_freq_days": 14,
    "pot_size_min_liters": 4,
    "difficulty": "easy",
    "tags": ["fruit", "berry", "container-friendly"],
    "best_climates": ["temperate", "cool"]
  },
  {
    "slug": "blueberry",
    "common_name": "Blueberry",
    "scientific_name": "Vaccinium corymbosum",
    "min_sun_hours": 6,
    "max_sun_hours": 8,
    "indoor_ok": false,
    "watering_need": "high",
    "fertilization_freq_days": 30,
    "pot_size_min_liters": 10,
    "difficulty": "hard",
    "tags": ["fruit", "berry", "acidic-soil"],
    "best_climates": ["temperate"]
  },
  {
    "slug": "raspberry",
    "common_name": "Raspberry",
    "scientific_name": "Rubus idaeus",
    "min_sun_hours": 6,
    "max_sun_hours": 10,
    "indoor_ok": false,
    "watering_need": "med",
    "fertilization_freq_days": 21,
    "pot_size_min_liters": 12,
    "difficulty": "med",
    "tags": ["fruit", "berry"],
    "best_climates": ["cool", "temperate"]
  },
  {
    "slug": "lemon",
    "common_name": "Lemon",
    "scientific_name": "Citrus limon",
    "min_sun_hours": 6,
    "max_sun_hours": 10,
    "indoor_ok": true,
    "watering_need": "med",
    "fertilization_freq_days": 30,
    "pot_size_min_liters": 15,
    "difficulty": "med",
    "tags": ["fruit", "citrus"],
    "best_climates": ["tropical", "subtropical"]
  },
  {
    "slug": "lime",
    "common_name": "Lime",
    "scientific_name": "Citrus aurantiifolia",
    "min_sun_hours": 6,
    "max_sun_hours": 10,
    "indoor_ok": true,
    "watering_need": "med",
    "fertilization_freq_days": 30,
    "pot_size_min_liters": 15,
    "difficulty": "med",
    "tags": ["fruit", "citrus"],
    "best_climates": ["tropical", "subtropical"]
  },
  {
    "slug": "fig",
    "common_name": "Fig",
    "scientific_name": "Ficus carica",
    "min_sun_hours": 6,
    "max_sun_hours": 10,
    "indoor_ok": false,
    "watering_need": "low",
    "fertilization_freq_days": 30,
    "pot_size_min_liters": 20,
    "difficulty": "med",
    "tags": ["fruit", "tree"],
    "best_climates": ["mediterranean"]
  },
  {
    "slug": "pomegranate",
    "common_name": "Pomegranate",
    "scientific_name": "Punica granatum",
    "min_sun_hours": 6,
    "max_sun_hours": 10,
    "indoor_ok": false,
    "watering_need": "low",
    "fertilization_freq_days": 45,
    "pot_size_min_liters": 20,
    "difficulty": "easy",
    "tags": ["fruit", "drought-tolerant"],
    "best_climates": ["arid", "tropical", "subtropical"]
  },
  {
    "slug": "guava",
    "common_name": "Guava",
    "scientific_name": "Psidium guajava",
    "min_sun_hours": 6,
    "max_sun_hours": 10,
    "indoor_ok": false,
    "watering_need": "med",
    "fertilization_freq_days": 30,
    "pot_size_min_liters": 20,
    "difficulty": "easy",
    "tags": ["fruit", "tropical"],
    "best_climates": ["tropical", "subtropical"]
  },
  {
    "slug": "banana",
    "common_name": "Banana",
    "scientific_name": "Musa acuminata",
    "min_sun_hours": 6,
    "max_sun_hours": 12,
    "indoor_ok": true,
    "watering_need": "high",
    "fertilization_freq_days": 14,
    "pot_size_min_liters": 40,
    "difficulty": "med",
    "tags": ["fruit", "tropical"],
    "best_climates": ["tropical"]
  },
  {
    "slug": "papaya",
    "common_name": "Papaya",
    "scientific_name": "Carica papaya",
    "min_sun_hours": 6,
    "max_sun_hours": 12,
    "indoor_ok": false,
    "watering_need": "med",
    "fertilization_freq_days": 21,
    "pot_size_min_liters": 30,
    "difficulty": "easy",
    "tags": ["fruit", "tropical"],
    "best_climates": ["tropical", "subtropical"]
  },
  {
    "slug": "mango",
    "common_name": "Mango",
    "scientific_name": "Mangifera indica",
    "min_sun_hours": 8,
    "max_sun_hours": 12,
    "indoor_ok": false,
    "watering_need": "med",
    "fertilization_freq_days": 45,
    "pot_size_min_liters": 40,
    "difficulty": "med",
    "tags": ["fruit", "tree", "tropical"],
    "best_climates": ["tropical", "subtropical"]
  },
  {
    "slug": "apple",
    "common_name": "Apple",
    "scientific_name": "Malus domestica",
    "min_sun_hours": 6,
    "max_sun_hours": 8,
    "indoor_ok": false,
    "watering_need": "med",
    "fertilization_freq_days": 45,
    "pot_size_min_liters": 25,
    "difficulty": "hard",
    "tags": ["fruit", "tree"],
    "best_climates": ["cool", "temperate"]
  },
  {
    "slug": "pear",
    "common_name": "Pear",
    "scientific_name": "Pyrus communis",
    "min_sun_hours": 6,
    "max_sun_hours": 8,
    "indoor_ok": false,
    "watering_need": "med",
    "fertilization_freq_days": 45,
    "pot_size_min_liters": 25,
    "difficulty": "hard",
    "tags": ["fruit", "tree"],
    "best_climates": ["cool", "temperate"]
  },
  {
    "slug": "orange",
    "common_name": "Orange",
    "scientific_name": "Citrus sinensis",
    "min_sun_hours": 6,
    "max_sun_hours": 10,
    "indoor_ok": true,
    "watering_need": "med",
    "fertilization_freq_days": 30,
    "pot_size_min_liters": 20,
    "difficulty": "med",
    "tags": ["fruit", "citrus"],
    "best_climates": ["tropical", "subtropical"]
  },
  {
    "slug": "grapes",
    "common_name": "Grapes",
    "scientific_name": "Vitis vinifera",
    "min_sun_hours": 6,
    "max_sun_hours": 10,
    "indoor_ok": false,
    "watering_need": "med",
    "fertilization_freq_days": 30,
    "pot_size_min_liters": 20,
    "difficulty": "med",
    "tags": ["fruit", "vine"],
    "best_climates": ["temperate", "mediterranean"]
  },
  {
    "slug": "watermelon",
    "common_name": "Watermelon",
    "scientific_name": "Citrullus lanatus",
    "min_sun_hours": 8,
    "max_sun_hours": 12,
    "indoor_ok": false,
    "watering_need": "high",
    "fertilization_freq_days": 14,
    "pot_size_min_liters": 40,
    "difficulty": "hard",
    "tags": ["fruit"],
    "best_climates": ["tropical", "temperate"]
  },
  {
    "slug": "melon",
    "common_name": "Muskmelon",
    "scientific_name": "Cucumis melo",
    "min_sun_hours": 6,
    "max_sun_hours": 10,
    "indoor_ok": false,
    "watering_need": "high",
    "fertilization_freq_days": 21,
    "pot_size_min_liters": 30,
    "difficulty": "med",
    "tags": ["fruit"],
    "best_climates": ["tropical", "temperate"]
  },
  {
    "slug": "pineapple",
    "common_name": "Pineapple",
    "scientific_name": "Ananas comosus",
    "min_sun_hours": 6,
    "max_sun_hours": 10,
    "indoor_ok": true,
    "watering_need": "low",
    "fertilization_freq_days": 45,
    "pot_size_min_liters": 15,
    "difficulty": "med",
    "tags": ["fruit", "tropical"],
    "best_climates": ["tropical"]
  }
]
