[
  {
    "slug": "basil",
    "common_name": "Basil",
    "scientific_name": "Ocimum basilicum",
    "min_sun_hours": 5,
    "max_sun_hours": 8,
    "indoor_ok": true,
    "watering_need": "med",
    "fertilization_freq_days": 21,
    "pot_size_min_liters": 3,
    "difficulty": "easy",
    "tags": ["herb", "culinary", "fragrant"],
    "best_climates": ["tropical", "subtropical", "temperate"]
  },
  {
    "slug": "mint",
    "common_name": "Mint",
    "scientific_name": "Mentha",
    "min_sun_hours": 3,
    "max_sun_hours": 6,
    "indoor_ok": true,
    "watering_need": "high",
    "fertilization_freq_days": 28,
    "pot_size_min_liters": 4,
    "difficulty": "easy",
    "tags": ["herb", "shade-tolerant"],
    "best_climates": ["temperate", "cool"]
  },
  {
    "slug": "oregano",
    "common_name": "Oregano",
    "scientific_name": "Origanum vulgare",
    "min_sun_hours": 6,
    "max_sun_hours": 8,
    "indoor_ok": true,
    "watering_need": "low",
    "fertilization_freq_days": 30,
    "pot_size_min_liters": 3,
    "difficulty": "easy",
    "tags": ["herb", "culinary"],
    "best_climates": ["temperate"]
  },
  {
    "slug": "rosemary",
    "common_name": "Rosemary",
    "scientific_name": "Rosmarinus officinalis",
    "min_sun_hours": 6,
    "max_sun_hours": 8,
    "indoor_ok": true,
    "watering_need": "low",
    "fertilization_freq_days": 30,
    "pot_size_min_liters": 5,
    "difficulty": "med",
    "tags": ["herb", "aromatic"],
    "best_climates": ["mediterranean"]
  },
  {
    "slug": "thyme",
    "common_name": "Thyme",
    "scientific_name": "Thymus vulgaris",
    "min_sun_hours": 5,
    "max_sun_hours": 7,
    "indoor_ok": true,
    "watering_need": "low",
    "fertilization_freq_days": 30,
    "pot_size_min_liters": 2,
    "difficulty": "easy",
    "tags": ["herb", "aromatic"],
    "best_climates": ["mediterranean"]
  },
  {
    "slug": "parsley",
    "common_name": "Parsley",
    "scientific_name": "Petroselinum crispum",
    "min_sun_hours": 4,
    "max_sun_hours": 6,
    "indoor_ok": true,
    "watering_need": "med",
    "fertilization_freq_days": 21,
    "pot_size_min_liters": 3,
    "difficulty": "easy",
    "tags": ["herb"],
    "best_climates": ["temperate", "cool"]
  },
  {
    "slug": "cilantro",
    "common_name": "Cilantro",
    "scientific_name": "Coriandrum sativum",
    "min_sun_hours": 4,
    "max_sun_hours": 6,
    "indoor_ok": true,
    "watering_need": "med",
    "fertilization_freq_days": 21,
    "pot_size_min_liters": 2,
    "difficulty": "easy",
    "tags": ["herb", "culinary"],
    "best_climates": ["cool", "temperate"]
  },
  {
    "slug": "chives",
    "common_name": "Chives",
    "scientific_name": "Allium schoenoprasum",
    "min_sun_hours": 4,
    "max_sun_hours": 8,
    "indoor_ok": true,
    "watering_need": "med",
    "fertilization_freq_days": 28,
    "pot_size_min_liters": 2,
    "difficulty": "easy",
    "tags": ["herb"],
    "best_climates": ["temperate", "cool"]
  },
  {
    "slug": "lemongrass",
    "common_name": "Lemongrass",
    "scientific_name": "Cymbopogon citratus",
    "min_sun_hours": 6,
    "max_sun_hours": 10,
    "indoor_ok": false,
    "watering_need": "high",
    "fertilization_freq_days": 30,
    "pot_size_min_liters": 8,
    "difficulty": "med",
    "tags": ["herb", "aromatic"],
    "best_climates": ["tropical", "subtropical"]
  },
  {
    "slug": "dill",
    "common_name": "Dill",
    "scientific_name": "Anethum graveolens",
    "min_sun_hours": 5,
    "max_sun_hours": 8,
    "indoor_ok": false,
    "watering_need": "med",
    "fertilization_freq_days": 21,
    "pot_size_min_liters": 4,
    "difficulty": "easy",
    "tags": ["herb"],
    "best_climates": ["temperate"]
  }
]
