[
  {
    "slug": "snake-plant",
    "common_name": "Snake Plant",
    "scientific_name": "Sansevieria trifasciata",
    "min_sun_hours": 1,
    "max_sun_hours": 4,
    "indoor_ok": true,
    "watering_need": "low",
    "fertilization_freq_days": 45,
    "pot_size_min_liters": 5,
    "difficulty": "easy",
    "tags": ["indoor", "air-purifying", "low-light"],
    "best_climates": ["tropical", "subtropical", "indoor"]
  },
  {
    "slug": "pothos",
    "common_name": "Pothos",
    "scientific_name": "Epipremnum aureum",
    "min_sun_hours": 1,
    "max_sun_hours": 5,
    "indoor_ok": true,
    "watering_need": "med",
    "fertilization_freq_days": 30,
    "pot_size_min_liters": 3,
    "difficulty": "easy",
    "tags": ["indoor", "vining", "low-light"],
    "best_climates": ["tropical", "indoor"]
  },
  {
    "slug": "zz-plant",
    "common_name": "ZZ Plant",
    "scientific_name": "Zamioculcas zamiifolia",
    "min_sun_hours": 0,
    "max_sun_hours": 4,
    "indoor_ok": true,
    "watering_need": "low",
    "fertilization_freq_days": 60,
    "pot_size_min_liters": 4,
    "difficulty": "easy",
    "tags": ["indoor", "air-purifying", "low-maintenance"],
    "best_climates": ["tropical", "indoor"]
  },
  {
    "slug": "peace-lily",
    "common_name": "Peace Lily",
    "scientific_name": "Spathiphyllum wallisii",
    "min_sun_hours": 1,
    "max_sun_hours": 4,
    "indoor_ok": true,
    "watering_need": "high",
    "fertilization_freq_days": 30,
    "pot_size_min_liters": 5,
    "difficulty": "med",
    "tags": ["indoor", "flowering", "air-purifying"],
    "best_climates": ["tropical", "indoor"]
  },
  {
    "slug": "money-plant",
    "common_name": "Money Plant",
    "scientific_name": "Epipremnum pinnatum",
    "min_sun_hours": 1,
    "max_sun_hours": 6,
    "indoor_ok": true,
    "watering_need": "med",
    "fertilization_freq_days": 30,
    "pot_size_min_liters": 4,
    "difficulty": "easy",
    "tags": ["indoor", "vining"],
    "best_climates": ["tropical", "indoor"]
  },
  {
    "slug": "rubber-plant",
    "common_name": "Rubber Plant",
    "scientific_name": "Ficus elastica",
    "min_sun_hours": 2,
    "max_sun_hours": 6,
    "indoor_ok": true,
    "watering_need": "med",
    "fertilization_freq_days": 30,
    "pot_size_min_liters": 12,
    "difficulty": "med",
    "tags": ["indoor", "air-purifying"],
    "best_climates": ["tropical", "subtropical"]
  },
  {
    "slug": "areca-palm",
    "common_name": "Areca Palm",
    "scientific_name": "Dypsis lutescens",
    "min_sun_hours": 2,
    "max_sun_hours": 6,
    "indoor_ok": true,
    "watering_need": "high",
    "fertilization_freq_days": 30,
    "pot_size_min_liters": 20,
    "difficulty": "med",
    "tags": ["indoor", "air-purifying"],
    "best_climates": ["tropical", "indoor"]
  },
  {
    "slug": "jade-plant",
    "common_name": "Jade Plant",
    "scientific_name": "Crassula ovata",
    "min_sun_hours": 3,
    "max_sun_hours": 6,
    "indoor_ok": true,
    "watering_need": "low",
    "fertilization_freq_days": 45,
    "pot_size_min_liters": 6,
    "difficulty": "easy",
    "tags": ["indoor", "succulent"],
    "best_climates": ["arid", "indoor"]
  },
  {
    "slug": "aloe-vera-indoor",
    "common_name": "Aloe Vera (Indoor)",
    "scientific_name": "Aloe barbadensis",
    "min_sun_hours": 3,
    "max_sun_hours": 6,
    "indoor_ok": true,
    "watering_need": "low",
    "fertilization_freq_days": 45,
    "pot_size_min_liters": 5,
    "difficulty": "easy",
    "tags": ["indoor", "succulent", "medicinal"],
    "best_climates": ["arid", "tropical", "indoor"]
  },
  {
    "slug": "dracaena",
    "common_name": "Dracaena",
    "scientific_name": "Dracaena fragrans",
    "min_sun_hours": 1,
    "max_sun_hours": 4,
    "indoor_ok": true,
    "watering_need": "med",
    "fertilization_freq_days": 30,
    "pot_size_min_liters": 8,
    "difficulty": "easy",
    "tags": ["indoor", "air-purifying"],
    "best_climates": ["tropical", "indoor"]
  },
  {
    "slug": "philodendron",
    "common_name": "Philodendron",
    "scientific_name": "Philodendron hederaceum",
    "min_sun_hours": 1,
    "max_sun_hours": 5,
    "indoor_ok": true,
    "watering_need": "med",
    "fertilization_freq_days": 30,
    "pot_size_min_liters": 4,
    "difficulty": "easy",
    "tags": ["indoor", "vining"],
    "best_climates": ["tropical", "indoor"]
  },
  {
    "slug": "calathea",
    "common_name": "Calathea",
    "scientific_name": "Calathea roseopicta",
    "min_sun_hours": 0,
    "max_sun_hours": 3,
    "indoor_ok": true,
    "watering_need": "high",
    "fertilization_freq_days": 30,
    "pot_size_min_liters": 5,
    "difficulty": "hard",
    "tags": ["indoor", "shade-loving"],
    "best_climates": ["tropical", "indoor"]
  },
  {
    "slug": "ferns",
    "common_name": "Boston Fern",
    "scientific_name": "Nephrolepis exaltata",
    "min_sun_hours": 0,
    "max_sun_hours": 4,
    "indoor_ok": true,
    "watering_need": "high",
    "fertilization_freq_days": 21,
    "pot_size_min_liters": 6,
    "difficulty": "med",
    "tags": ["indoor", "shade-loving"],
    "best_climates": ["tropical"]
  },
  {
    "slug": "dieffenbachia",
    "common_name": "Dieffenbachia",
    "scientific_name": "Dieffenbachia seguine",
    "min_sun_hours": 1,
    "max_sun_hours": 4,
    "indoor_ok": true,
    "watering_need": "med",
    "fertilization_freq_days": 21,
    "pot_size_min_liters": 8,
    "difficulty": "med",
    "tags": ["indoor", "air-purifying"],
    "best_climates": ["tropical", "indoor"]
  },
  {
    "slug": "orchid",
    "common_name": "Orchid",
    "scientific_name": "Phalaenopsis",
    "min_sun_hours": 2,
    "max_sun_hours": 6,
    "indoor_ok": true,
    "watering_need": "med",
    "fertilization_freq_days": 30,
    "pot_size_min_liters": 5,
    "difficulty": "hard",
    "tags": ["indoor", "flowering"],
    "best_climates": ["tropical"]
  },
  {
    "slug": "anthurium",
    "common_name": "Anthurium",
    "scientific_name": "Anthurium andraeanum",
    "min_sun_hours": 2,
    "max_sun_hours": 6,
    "indoor_ok": true,
    "watering_need": "high",
    "fertilization_freq_days": 30,
    "pot_size_min_liters": 6,
    "difficulty": "med",
    "tags": ["indoor", "flowering"],
    "best_climates": ["tropical"]
  },
  {
    "slug": "spider-plant",
    "common_name": "Spider Plant",
    "scientific_name": "Chlorophytum comosum",
    "min_sun_hours": 2,
    "max_sun_hours": 6,
    "indoor_ok": true,
    "watering_need": "med",
    "fertilization_freq_days": 21,
    "pot_size_min_liters": 3,
    "difficulty": "easy",
    "tags": ["indoor", "air-purifying", "beginner"],
    "best_climates": ["indoor", "temperate"]
  },
  {
    "slug": "parlor-palm",
    "common_name": "Parlor Palm",
    "scientific_name": "Chamaedorea elegans",
    "min_sun_hours": 1,
    "max_sun_hours": 4,
    "indoor_ok": true,
    "watering_need": "med",
    "fertilization_freq_days": 30,
    "pot_size_min_liters": 8,
    "difficulty": "easy",
    "tags": ["indoor", "shade-loving"],
    "best_climates": ["tropical", "indoor"]
  }
]
