[
  {
    "slug": "marigold",
    "common_name": "Marigold",
    "scientific_name": "Tagetes erecta",
    "min_sun_hours": 5,
    "max_sun_hours": 10,
    "indoor_ok": false,
    "watering_need": "med",
    "fertilization_freq_days": 14,
    "pot_size_min_liters": 3,
    "difficulty": "easy",
    "tags": ["flower", "pollinator-friendly", "outdoor"],
    "best_climates": ["tropical", "subtropical", "temperate"]
  },
  {
    "slug": "hibiscus",
    "common_name": "Hibiscus",
    "scientific_name": "Hibiscus rosa-sinensis",
    "min_sun_hours": 6,
    "max_sun_hours": 12,
    "indoor_ok": false,
    "watering_need": "high",
    "fertilization_freq_days": 14,
    "pot_size_min_liters": 10,
    "difficulty": "med",
    "tags": ["flower", "tropical", "outdoor"],
    "best_climates": ["tropical", "subtropical"]
  },
  {
    "slug": "jasmine",
    "common_name": "Jasmine",
    "scientific_name": "Jasminum sambac",
    "min_sun_hours": 4,
    "max_sun_hours": 8,
    "indoor_ok": false,
    "watering_need": "med",
    "fertilization_freq_days": 21,
    "pot_size_min_liters": 8,
    "difficulty": "easy",
    "tags": ["flower", "fragrant", "outdoor"],
    "best_climates": ["tropical", "subtropical"]
  },
  {
    "slug": "bougainvillea",
    "common_name": "Bougainvillea",
    "scientific_name": "Bougainvillea glabra",
    "min_sun_hours": 6,
    "max_sun_hours": 10,
    "indoor_ok": false,
    "watering_need": "low",
    "fertilization_freq_days": 30,
    "pot_size_min_liters": 12,
    "difficulty": "easy",
    "tags": ["flower", "drought-tolerant", "outdoor"],
    "best_climates": ["tropical", "arid", "subtropical"]
  },
  {
    "slug": "rose",
    "common_name": "Rose",
    "scientific_name": "Rosa chinensis",
    "min_sun_hours": 6,
    "max_sun_hours": 10,
    "indoor_ok": false,
    "watering_need": "high",
    "fertilization_freq_days": 14,
    "pot_size_min_liters": 10,
    "difficulty": "med",
    "tags": ["flower", "shrub", "outdoor"],
    "best_climates": ["temperate", "cool"]
  },
  {
    "slug": "lemon-tree",
    "common_name": "Lemon Tree",
    "scientific_name": "Citrus limon",
    "min_sun_hours": 6,
    "max_sun_hours": 10,
    "indoor_ok": true,
    "watering_need": "med",
    "fertilization_freq_days": 30,
    "pot_size_min_liters": 25,
    "difficulty": "med",
    "tags": ["fruit", "tree", "outdoor"],
    "best_climates": ["tropical", "subtropical"]
  },
  {
    "slug": "olive-tree",
    "common_name": "Olive Tree",
    "scientific_name": "Olea europaea",
    "min_sun_hours": 6,
    "max_sun_hours": 12,
    "indoor_ok": false,
    "watering_need": "low",
    "fertilization_freq_days": 60,
    "pot_size_min_liters": 25,
    "difficulty": "hard",
    "tags": ["tree", "mediterranean", "drought-tolerant"],
    "best_climates": ["mediterranean", "arid"]
  },
  {
    "slug": "lavender",
    "common_name": "Lavender",
    "scientific_name": "Lavandula angustifolia",
    "min_sun_hours": 6,
    "max_sun_hours": 10,
    "indoor_ok": false,
    "watering_need": "low",
    "fertilization_freq_days": 30,
    "pot_size_min_liters": 4,
    "difficulty": "med",
    "tags": ["flower", "fragrant", "drought-tolerant"],
    "best_climates": ["mediterranean"]
  },
  {
    "slug": "sunflower",
    "common_name": "Sunflower",
    "scientific_name": "Helianthus annuus",
    "min_sun_hours": 6,
    "max_sun_hours": 12,
    "indoor_ok": false,
    "watering_need": "high",
    "fertilization_freq_days": 21,
    "pot_size_min_liters": 15,
    "difficulty": "easy",
    "tags": ["flower", "outdoor"],
    "best_climates": ["temperate"]
  },
  {
    "slug": "rosemary-outdoor",
    "common_name": "Rosemary (Outdoor)",
    "scientific_name": "Salvia rosmarinus",
    "min_sun_hours": 6,
    "max_sun_hours": 10,
    "indoor_ok": false,
    "watering_need": "low",
    "fertilization_freq_days": 30,
    "pot_size_min_liters": 6,
    "difficulty": "easy",
    "tags": ["herb", "shrub", "drought-tolerant"],
    "best_climates": ["mediterranean"]
  },
  {
    "slug": "oleander",
    "common_name": "Oleander",
    "scientific_name": "Nerium oleander",
    "min_sun_hours": 6,
    "max_sun_hours": 12,
    "indoor_ok": false,
    "watering_need": "low",
    "fertilization_freq_days": 30,
    "pot_size_min_liters": 10,
    "difficulty": "hard",
    "tags": ["flower", "shrub"],
    "best_climates": ["arid", "mediterranean"]
  },
  {
    "slug": "bougainvillea-mini",
    "common_name": "Bougainvillea Miniature",
    "scientific_name": "Bougainvillea glabra dwarf",
    "min_sun_hours": 6,
    "max_sun_hours": 10,
    "indoor_ok": false,
    "watering_need": "low",
    "fertilization_freq_days": 30,
    "pot_size_min_liters": 6,
    "difficulty": "easy",
    "tags": ["flower", "bonsai", "drought-tolerant"],
    "best_climates": ["tropical", "arid"]
  },
  {
    "slug": "geranium",
    "common_name": "Geranium",
    "scientific_name": "Pelargonium",
    "min_sun_hours": 4,
    "max_sun_hours": 8,
    "indoor_ok": true,
    "watering_need": "med",
    "fertilization_freq_days": 30,
    "pot_size_min_liters": 4,
    "difficulty": "easy",
    "tags": ["flower", "balcony"],
    "best_climates": ["temperate", "cool"]
  },
  {
    "slug": "petunia",
    "common_name": "Petunia",
    "scientific_name": "Petunia × hybrida",
    "min_sun_hours": 5,
    "max_sun_hours": 10,
    "indoor_ok": false,
    "watering_need": "med",
    "fertilization_freq_days": 14,
    "pot_size_min_liters": 3,
    "difficulty": "easy",
    "tags": ["flower", "balcony"],
    "best_climates": ["temperate"]
  },
  {
    "slug": "coleus",
    "common_name": "Coleus",
    "scientific_name": "Plectranthus scutellarioides",
    "min_sun_hours": 2,
    "max_sun_hours": 6,
    "indoor_ok": true,
    "watering_need": "med",
    "fertilization_freq_days": 21,
    "pot_size_min_liters": 3,
    "difficulty": "easy",
    "tags": ["ornamental", "shade-tolerant"],
    "best_climates": ["tropical"]
  },
  {
    "slug": "bamboo",
    "common_name": "Dwarf Bamboo",
    "scientific_name": "Bambusa vulgaris",
    "min_sun_hours": 4,
    "max_sun_hours": 8,
    "indoor_ok": false,
    "watering_need": "high",
    "fertilization_freq_days": 30,
    "pot_size_min_liters": 20,
    "difficulty": "med",
    "tags": ["ornamental", "hedge", "tropical"],
    "best_climates": ["tropical", "subtropical"]
  },
  {
    "slug": "croton",
    "common_name": "Croton",
    "scientific_name": "Codiaeum variegatum",
    "min_sun_hours": 4,
    "max_sun_hours": 8,
    "indoor_ok": true,
    "watering_need": "med",
    "fertilization_freq_days": 30,
    "pot_size_min_liters": 6,
    "difficulty": "med",
    "tags": ["ornamental", "balcony"],
    "best_climates": ["tropical"]
  }
]
