[
  {
    "slug": "tomato",
    "common_name": "Tomato",
    "scientific_name": "Solanum lycopersicum",
    "min_sun_hours": 6,
    "max_sun_hours": 10,
    "indoor_ok": false,
    "watering_need": "high",
    "fertilization_freq_days": 14,
    "pot_size_min_liters": 10,
    "difficulty": "med",
    "tags": ["fruiting", "vegetable"],
    "best_climates": ["tropical", "subtropical", "temperate"]
  },
  {
    "slug": "bell-pepper",
    "common_name": "Bell Pepper",
    "scientific_name": "Capsicum annuum",
    "min_sun_hours": 6,
    "max_sun_hours": 8,
    "indoor_ok": false,
    "watering_need": "med",
    "fertilization_freq_days": 30,
    "pot_size_min_liters": 8,
    "difficulty": "med",
    "tags": ["fruiting", "vegetable"],
    "best_climates": ["tropical", "subtropical"]
  },
  {
    "slug": "cucumber",
    "common_name": "Cucumber",
    "scientific_name": "Cucumis sativus",
    "min_sun_hours": 6,
    "max_sun_hours": 8,
    "indoor_ok": false,
    "watering_need": "high",
    "fertilization_freq_days": 14,
    "pot_size_min_liters": 12,
    "difficulty": "easy",
    "tags": ["vine", "vegetable"],
    "best_climates": ["tropical", "temperate"]
  },
  {
    "slug": "spinach",
    "common_name": "Spinach",
    "scientific_name": "Spinacia oleracea",
    "min_sun_hours": 4,
    "max_sun_hours": 6,
    "indoor_ok": true,
    "watering_need": "high",
    "fertilization_freq_days": 21,
    "pot_size_min_liters": 3,
    "difficulty": "easy",
    "tags": ["vegetable", "leafy"],
    "best_climates": ["cool", "temperate"]
  },
  {
    "slug": "lettuce",
    "common_name": "Lettuce",
    "scientific_name": "Lactuca sativa",
    "min_sun_hours": 4,
    "max_sun_hours": 6,
    "indoor_ok": true,
    "watering_need": "high",
    "fertilization_freq_days": 21,
    "pot_size_min_liters": 2,
    "difficulty": "easy",
    "tags": ["vegetable", "leafy"],
    "best_climates": ["cool", "temperate"]
  },
  {
    "slug": "carrot",
    "common_name": "Carrot",
    "scientific_name": "Daucus carota",
    "min_sun_hours": 6,
    "max_sun_hours": 8,
    "indoor_ok": false,
    "watering_need": "med",
    "fertilization_freq_days": 30,
    "pot_size_min_liters": 6,
    "difficulty": "easy",
    "tags": ["root", "vegetable"],
    "best_climates": ["temperate", "cool"]
  },
  {
    "slug": "radish",
    "common_name": "Radish",
    "scientific_name": "Raphanus sativus",
    "min_sun_hours": 4,
    "max_sun_hours": 6,
    "indoor_ok": true,
    "watering_need": "med",
    "fertilization_freq_days": 21,
    "pot_size_min_liters": 4,
    "difficulty": "easy",
    "tags": ["root", "vegetable"],
    "best_climates": ["cool", "temperate"]
  },
  {
    "slug": "beetroot",
    "common_name": "Beetroot",
    "scientific_name": "Beta vulgaris",
    "min_sun_hours": 4,
    "max_sun_hours": 8,
    "indoor_ok": true,
    "watering_need": "med",
    "fertilization_freq_days": 21,
    "pot_size_min_liters": 5,
    "difficulty": "easy",
    "tags": ["root", "vegetable"],
    "best_climates": ["temperate"]
  },
  {
    "slug": "broccoli",
    "common_name": "Broccoli",
    "scientific_name": "Brassica oleracea",
    "min_sun_hours": 6,
    "max_sun_hours": 8,
    "indoor_ok": false,
    "watering_need": "high",
    "fertilization_freq_days": 14,
    "pot_size_min_liters": 8,
    "difficulty": "med",
    "tags": ["vegetable"],
    "best_climates": ["cool"]
  },
  {
    "slug": "cabbage",
    "common_name": "Cabbage",
    "scientific_name": "Brassica oleracea capitata",
    "min_sun_hours": 6,
    "max_sun_hours": 8,
    "indoor_ok": false,
    "watering_need": "med",
    "fertilization_freq_days": 21,
    "pot_size_min_liters": 8,
    "difficulty": "med",
    "tags": ["vegetable"],
    "best_climates": ["cool"]
  },
  {
    "slug": "potato",
    "common_name": "Potato",
    "scientific_name": "Solanum tuberosum",
    "min_sun_hours": 6,
    "max_sun_hours": 8,
    "indoor_ok": false,
    "watering_need": "med",
    "fertilization_freq_days": 45,
    "pot_size_min_liters": 15,
    "difficulty": "med",
    "tags": ["root", "vegetable"],
    "best_climates": ["cool", "temperate"]
  },
  {
    "slug": "onion",
    "common_name": "Onion",
    "scientific_name": "Allium cepa",
    "min_sun_hours": 6,
    "max_sun_hours": 10,
    "indoor_ok": false,
    "watering_need": "low",
    "fertilization_freq_days": 30,
    "pot_size_min_liters": 4,
    "difficulty": "easy",
    "tags": ["root", "vegetable"],
    "best_climates": ["temperate"]
  },
  {
    "slug": "ginger",
    "common_name": "Ginger",
    "scientific_name": "Zingiber officinale",
    "min_sun_hours": 3,
    "max_sun_hours": 6,
    "indoor_ok": true,
    "watering_need": "high",
    "fertilization_freq_days": 30,
    "pot_size_min_liters": 10,
    "difficulty": "easy",
    "tags": ["root", "tropical"],
    "best_climates": ["tropical"]
  },
  {
    "slug": "garlic",
    "common_name": "Garlic",
    "scientific_name": "Allium sativum",
    "min_sun_hours": 6,
    "max_sun_hours": 8,
    "indoor_ok": true,
    "watering_need": "low",
    "fertilization_freq_days": 45,
    "pot_size_min_liters": 4,
    "difficulty": "easy",
    "tags": ["root", "vegetable"],
    "best_climates": ["cool"]
  },
  {
    "slug": "peas",
    "common_name": "Peas",
    "scientific_name": "Pisum sativum",
    "min_sun_hours": 5,
    "max_sun_hours": 7,
    "indoor_ok": false,
    "watering_need": "med",
    "fertilization_freq_days": 21,
    "pot_size_min_liters": 6,
    "difficulty": "easy",
    "tags": ["vine", "vegetable"],
    "best_climates": ["cool", "temperate"]
  },
  {
    "slug": "cauliflower",
    "common_name": "Cauliflower",
    "scientific_name": "Brassica oleracea botrytis",
    "min_sun_hours": 6,
    "max_sun_hours": 8,
    "indoor_ok": false,
    "watering_need": "high",
    "fertilization_freq_days": 14,
    "pot_size_min_liters": 8,
    "difficulty": "med",
    "tags": ["vegetable"],
    "best_climates": ["cool"]
  },
  {
    "slug": "eggplant",
    "common_name": "Eggplant",
    "scientific_name": "Solanum melongena",
    "min_sun_hours": 6,
    "max_sun_hours": 10,
    "indoor_ok": false,
    "watering_need": "med",
    "fertilization_freq_days": 21,
    "pot_size_min_liters": 10,
    "difficulty": "med",
    "tags": ["fruiting", "vegetable"],
    "best_climates": ["tropical", "subtropical"]
  },
  {
    "slug": "okra",
    "common_name": "Okra",
    "scientific_name": "Abelmoschus esculentus",
    "min_sun_hours": 6,
    "max_sun_hours": 10,
    "indoor_ok": false,
    "watering_need": "med",
    "fertilization_freq_days": 30,
    "pot_size_min_liters": 12,
    "difficulty": "easy",
    "tags": ["vegetable", "tropical"],
    "best_climates": ["tropical", "subtropical"]
  },
  {
    "slug": "zucchini",
    "common_name": "Zucchini",
    "scientific_name": "Cucurbita pepo",
    "min_sun_hours": 6,
    "max_sun_hours": 10,
    "indoor_ok": false,
    "watering_need": "high",
    "fertilization_freq_days": 14,
    "pot_size_min_liters": 20,
    "difficulty": "med",
    "tags": ["vegetable"],
    "best_climates": ["temperate"]
  }
]
